{
  "accuracy": 0.9991063449508489,
  "precision": 0.9991063449508489,
  "recall": 1.0,
  "f1": 0.9995529727313366,
  "anomaly_rate": 0.10723860589812333,
  "last_training": "2025-04-04T00:08:29.330981",
  "samples_processed": 5595
}